6,Jamil Riste,2025-07-04,jriste5@wiley.com
7,Joletta Ugo,2025-05-31,jugo6@netvibes.com
8,Galen Duplain,2025-03-28,gduplain7@sina.com.cn
9,Silvain Boxhill,2025-07-25,sboxhill8@360.cn
10,Brandi Calderhead,2025-02-11,bcalderhead9@gizmodo.com
11,Gunar Eldered,2025-04-07,geldereda@hud.gov
12,Umberto Peatt,2025-12-25,upeattb@xinhuanet.com
13,Findlay Goundry,2025-07-27,fgoundryc@nymag.com
14,Rochell Swetland,2026-02-04,rswetlandd@businessweek.com
15,Margarette Folker,2026-01-08,mfolkere@ameblo.jp
16,Ettore Dover,2026-01-02,edoverf@imgur.com
17,Bail MacTurlough,2025-05-29,bmacturloughg@merriam-webster.com
18,Dolly Holby,2025-05-20,dholbyh@shinystat.com
19,Bran Pynn,2025-09-28,bpynni@smh.com.au
20,Toni Wank,2025-10-31,twankj@livejournal.com
21,Wini Novik,2025-04-29,wnovikk@slashdot.org
22,Evin McPaik,2025-08-28,emcpaikl@aol.com
23,Wilburt Dodman,2026-01-22,wdodmanm@nasa.gov
24,Dacie Jandak,2025-04-10,djandakn@devhub.com
25,Andee Kick,2025-03-01,akicko@flickr.com
26,Vanessa Lezemore,2025-02-24,vlezemorep@chron.com
27,Stillmann Edgin,2025-02-27,sedginq@pcworld.com
28,Giff Webber,2025-12-22,gwebberr@fastcompany.com
29,Ronny Brannan,2025-11-14,rbrannans@wordpress.org
30,Iago Scrafton,2025-03-27,iscraftont@squarespace.com
31,Charita Henze,2026-01-15,chenzeu@seattletimes.com
32,Dianne Simonson,2026-01-16,dsimonsonv@surveymonkey.com
33,Kimmy Clayworth,2025-09-03,kclayworthw@omniture.com
34,Karisa Betke,2025-05-08,kbetkex@shinystat.com
35,Gabriello Bartens,2025-05-27,gbartensy@cbc.ca
36,Putnam Pasfield,2025-06-13,ppasfieldz@deliciousdays.com
37,Maxy Goane,2025-11-20,mgoane10@1und1.de
38,Beverie Dufaur,2025-02-17,bdufaur11@google.com.au
39,Lethia Copcott,2025-11-28,lcopcott12@wikispaces.com
40,Gareth Kemshell,2026-01-24,gkemshell13@shinystat.com
41,Maryanne Blatcher,2025-04-27,mblatcher14@ocn.ne.jp
42,Honor Stanistrete,2025-07-23,hstanistrete15@dailymotion.com
43,Delila Winsom,2025-12-19,dwinsom16@canalblog.com
44,Bayard Reyna,2025-05-26,breyna17@mozilla.org
45,Ruddy Tooher,2025-08-23,rtooher18@apple.com
46,Melantha Lavrinov,2025-03-27,mlavrinov19@ftc.gov
47,Koral Divver,2025-11-10,kdivver1a@berkeley.edu
48,Lawry Rowlinson,2025-02-09,lrowlinson1b@blogtalkradio.com
49,Boone Evangelinos,2025-10-27,bevangelinos1c@webnode.com
50,Lorant Jeckell,2025-06-12,ljeckell1d@simplemachines.org
6,Jamil Riste,2025-07-04,jriste5@wiley.com
7,Joletta Ugo,2025-05-31,jugo6@netvibes.com
8,Galen Duplain,2025-03-28,gduplain7@sina.com.cn
9,Silvain Boxhill,2025-07-25,sboxhill8@360.cn
10,Brandi Calderhead,2025-02-11,bcalderhead9@gizmodo.com
11,Gunar Eldered,2025-04-07,geldereda@hud.gov
12,Umberto Peatt,2025-12-25,upeattb@xinhuanet.com
13,Findlay Goundry,2025-07-27,fgoundryc@nymag.com
14,Rochell Swetland,2026-02-04,rswetlandd@businessweek.com
15,Margarette Folker,2026-01-08,mfolkere@ameblo.jp
16,Ettore Dover,2026-01-02,edoverf@imgur.com
17,Bail MacTurlough,2025-05-29,bmacturloughg@merriam-webster.com
18,Dolly Holby,2025-05-20,dholbyh@shinystat.com
19,Bran Pynn,2025-09-28,bpynni@smh.com.au
20,Toni Wank,2025-10-31,twankj@livejournal.com
21,Wini Novik,2025-04-29,wnovikk@slashdot.org
22,Evin McPaik,2025-08-28,emcpaikl@aol.com
23,Wilburt Dodman,2026-01-22,wdodmanm@nasa.gov
24,Dacie Jandak,2025-04-10,djandakn@devhub.com
25,Andee Kick,2025-03-01,akicko@flickr.com
26,Vanessa Lezemore,2025-02-24,vlezemorep@chron.com
27,Stillmann Edgin,2025-02-27,sedginq@pcworld.com
28,Giff Webber,2025-12-22,gwebberr@fastcompany.com
29,Ronny Brannan,2025-11-14,rbrannans@wordpress.org
30,Iago Scrafton,2025-03-27,iscraftont@squarespace.com
31,Charita Henze,2026-01-15,chenzeu@seattletimes.com
32,Dianne Simonson,2026-01-16,dsimonsonv@surveymonkey.com
33,Kimmy Clayworth,2025-09-03,kclayworthw@omniture.com
34,Karisa Betke,2025-05-08,kbetkex@shinystat.com
35,Gabriello Bartens,2025-05-27,gbartensy@cbc.ca
36,Putnam Pasfield,2025-06-13,ppasfieldz@deliciousdays.com
37,Maxy Goane,2025-11-20,mgoane10@1und1.de
38,Beverie Dufaur,2025-02-17,bdufaur11@google.com.au
39,Lethia Copcott,2025-11-28,lcopcott12@wikispaces.com
40,Gareth Kemshell,2026-01-24,gkemshell13@shinystat.com
41,Maryanne Blatcher,2025-04-27,mblatcher14@ocn.ne.jp
42,Honor Stanistrete,2025-07-23,hstanistrete15@dailymotion.com
43,Delila Winsom,2025-12-19,dwinsom16@canalblog.com
44,Bayard Reyna,2025-05-26,breyna17@mozilla.org
45,Ruddy Tooher,2025-08-23,rtooher18@apple.com
46,Melantha Lavrinov,2025-03-27,mlavrinov19@ftc.gov
47,Koral Divver,2025-11-10,kdivver1a@berkeley.edu
48,Lawry Rowlinson,2025-02-09,lrowlinson1b@blogtalkradio.com
49,Boone Evangelinos,2025-10-27,bevangelinos1c@webnode.com
50,Lorant Jeckell,2025-06-12,ljeckell1d@simplemachines.org
4,Mehmet Demir,2025-03-18,mehmet.demir@test.com
4,Mehmet Demir,2025-03-18,mehmet.demir@test.com
4,Mehmet Demir,2025-03-18,mehmet.demir@test.com
5,Isobel Hellwig,2025-11-19,updated.user@test.com
5,Isobel Hellwig,2025-11-19,updated.user@test.com
2,Randie Mc Faul,1988-03-22,ayse.kaya@test.com
2,Randie Mc Faul,1988-03-22,ayse.kaya@test.com
2,Randie Mc Faul,1988-03-22,ayse.kaya@test.com
6,Jamil Riste,2025-07-04,jriste5@wiley.com
7,Joletta Ugo,2025-05-31,jugo6@netvibes.com
8,Galen Duplain,2025-03-28,gduplain7@sina.com.cn
9,Silvain Boxhill,2025-07-25,sboxhill8@360.cn
10,Brandi Calderhead,2025-02-11,bcalderhead9@gizmodo.com
11,Gunar Eldered,2025-04-07,geldereda@hud.gov
12,Umberto Peatt,2025-12-25,upeattb@xinhuanet.com
13,Findlay Goundry,2025-07-27,fgoundryc@nymag.com
14,Rochell Swetland,2026-02-04,rswetlandd@businessweek.com
15,Margarette Folker,2026-01-08,mfolkere@ameblo.jp
16,Ettore Dover,2026-01-02,edoverf@imgur.com
17,Bail MacTurlough,2025-05-29,bmacturloughg@merriam-webster.com
18,Dolly Holby,2025-05-20,dholbyh@shinystat.com
19,Bran Pynn,2025-09-28,bpynni@smh.com.au
20,Toni Wank,2025-10-31,twankj@livejournal.com
21,Wini Novik,2025-04-29,wnovikk@slashdot.org
22,Evin McPaik,2025-08-28,emcpaikl@aol.com
23,Wilburt Dodman,2026-01-22,wdodmanm@nasa.gov
24,Dacie Jandak,2025-04-10,djandakn@devhub.com
25,Andee Kick,2025-03-01,akicko@flickr.com
26,Vanessa Lezemore,2025-02-24,vlezemorep@chron.com
27,Stillmann Edgin,2025-02-27,sedginq@pcworld.com
28,Giff Webber,2025-12-22,gwebberr@fastcompany.com
29,Ronny Brannan,2025-11-14,rbrannans@wordpress.org
30,Iago Scrafton,2025-03-27,iscraftont@squarespace.com
31,Charita Henze,2026-01-15,chenzeu@seattletimes.com
32,Dianne Simonson,2026-01-16,dsimonsonv@surveymonkey.com
33,Kimmy Clayworth,2025-09-03,kclayworthw@omniture.com
34,Karisa Betke,2025-05-08,kbetkex@shinystat.com
35,Gabriello Bartens,2025-05-27,gbartensy@cbc.ca
36,Putnam Pasfield,2025-06-13,ppasfieldz@deliciousdays.com
37,Maxy Goane,2025-11-20,mgoane10@1und1.de
38,Beverie Dufaur,2025-02-17,bdufaur11@google.com.au
39,Lethia Copcott,2025-11-28,lcopcott12@wikispaces.com
40,Gareth Kemshell,2026-01-24,gkemshell13@shinystat.com
41,Maryanne Blatcher,2025-04-27,mblatcher14@ocn.ne.jp
42,Honor Stanistrete,2025-07-23,hstanistrete15@dailymotion.com
43,Delila Winsom,2025-12-19,dwinsom16@canalblog.com
44,Bayard Reyna,2025-05-26,breyna17@mozilla.org
45,Ruddy Tooher,2025-08-23,rtooher18@apple.com
46,Melantha Lavrinov,2025-03-27,mlavrinov19@ftc.gov
47,Koral Divver,2025-11-10,kdivver1a@berkeley.edu
48,Lawry Rowlinson,2025-02-09,lrowlinson1b@blogtalkradio.com
49,Boone Evangelinos,2025-10-27,bevangelinos1c@webnode.com
50,Lorant Jeckell,2025-06-12,ljeckell1d@simplemachines.org
6,Jamil Riste,2025-07-04,jriste5@wiley.com
7,Joletta Ugo,2025-05-31,jugo6@netvibes.com
8,Galen Duplain,2025-03-28,gduplain7@sina.com.cn
9,Silvain Boxhill,2025-07-25,sboxhill8@360.cn
10,Brandi Calderhead,2025-02-11,bcalderhead9@gizmodo.com
11,Gunar Eldered,2025-04-07,geldereda@hud.gov
12,Umberto Peatt,2025-12-25,upeattb@xinhuanet.com
13,Findlay Goundry,2025-07-27,fgoundryc@nymag.com
14,Rochell Swetland,2026-02-04,rswetlandd@businessweek.com
15,Margarette Folker,2026-01-08,mfolkere@ameblo.jp
16,Ettore Dover,2026-01-02,edoverf@imgur.com
17,Bail MacTurlough,2025-05-29,bmacturloughg@merriam-webster.com
18,Dolly Holby,2025-05-20,dholbyh@shinystat.com
19,Bran Pynn,2025-09-28,bpynni@smh.com.au
20,Toni Wank,2025-10-31,twankj@livejournal.com
21,Wini Novik,2025-04-29,wnovikk@slashdot.org
22,Evin McPaik,2025-08-28,emcpaikl@aol.com
23,Wilburt Dodman,2026-01-22,wdodmanm@nasa.gov
24,Dacie Jandak,2025-04-10,djandakn@devhub.com
25,Andee Kick,2025-03-01,akicko@flickr.com
26,Vanessa Lezemore,2025-02-24,vlezemorep@chron.com
27,Stillmann Edgin,2025-02-27,sedginq@pcworld.com
28,Giff Webber,2025-12-22,gwebberr@fastcompany.com
29,Ronny Brannan,2025-11-14,rbrannans@wordpress.org
30,Iago Scrafton,2025-03-27,iscraftont@squarespace.com
31,Charita Henze,2026-01-15,chenzeu@seattletimes.com
32,Dianne Simonson,2026-01-16,dsimonsonv@surveymonkey.com
33,Kimmy Clayworth,2025-09-03,kclayworthw@omniture.com
34,Karisa Betke,2025-05-08,kbetkex@shinystat.com
35,Gabriello Bartens,2025-05-27,gbartensy@cbc.ca
36,Putnam Pasfield,2025-06-13,ppasfieldz@deliciousdays.com
37,Maxy Goane,2025-11-20,mgoane10@1und1.de
38,Beverie Dufaur,2025-02-17,bdufaur11@google.com.au
39,Lethia Copcott,2025-11-28,lcopcott12@wikispaces.com
40,Gareth Kemshell,2026-01-24,gkemshell13@shinystat.com
41,Maryanne Blatcher,2025-04-27,mblatcher14@ocn.ne.jp
42,Honor Stanistrete,2025-07-23,hstanistrete15@dailymotion.com
43,Delila Winsom,2025-12-19,dwinsom16@canalblog.com
44,Bayard Reyna,2025-05-26,breyna17@mozilla.org
45,Ruddy Tooher,2025-08-23,rtooher18@apple.com
46,Melantha Lavrinov,2025-03-27,mlavrinov19@ftc.gov
47,Koral Divver,2025-11-10,kdivver1a@berkeley.edu
48,Lawry Rowlinson,2025-02-09,lrowlinson1b@blogtalkradio.com
49,Boone Evangelinos,2025-10-27,bevangelinos1c@webnode.com
50,Lorant Jeckell,2025-06-12,ljeckell1d@simplemachines.org
6,Jamil Riste,2025-07-04,jriste5@wiley.com
7,Joletta Ugo,2025-05-31,jugo6@netvibes.com
8,Galen Duplain,2025-03-28,gduplain7@sina.com.cn
9,Silvain Boxhill,2025-07-25,sboxhill8@360.cn
4,Mehmet Demir,2025-03-18,mehmet.demir@test.com
4,Mehmet Demir,2025-03-18,mehmet.demir@test.com
5,Isobel Hellwig,2025-11-19,updated.user@test.com
5,Isobel Hellwig,2025-11-19,updated.user@test.com
2,Randie Mc Faul,1988-03-22,ayse.kaya@test.com
2,Randie Mc Faul,1988-03-22,ayse.kaya@test.com
10,Brandi Calderhead,2025-02-11,bcalderhead9@gizmodo.com
11,Gunar Eldered,2025-04-07,geldereda@hud.gov
12,Umberto Peatt,2025-12-25,upeattb@xinhuanet.com
13,Findlay Goundry,2025-07-27,fgoundryc@nymag.com
14,Rochell Swetland,2026-02-04,rswetlandd@businessweek.com
15,Margarette Folker,2026-01-08,mfolkere@ameblo.jp
16,Ettore Dover,2026-01-02,edoverf@imgur.com
17,Bail MacTurlough,2025-05-29,bmacturloughg@merriam-webster.com
18,Dolly Holby,2025-05-20,dholbyh@shinystat.com
19,Bran Pynn,2025-09-28,bpynni@smh.com.au
20,Toni Wank,2025-10-31,twankj@livejournal.com
21,Wini Novik,2025-04-29,wnovikk@slashdot.org
22,Evin McPaik,2025-08-28,emcpaikl@aol.com
23,Wilburt Dodman,2026-01-22,wdodmanm@nasa.gov
24,Dacie Jandak,2025-04-10,djandakn@devhub.com
25,Andee Kick,2025-03-01,akicko@flickr.com
26,Vanessa Lezemore,2025-02-24,vlezemorep@chron.com
27,Stillmann Edgin,2025-02-27,sedginq@pcworld.com
28,Giff Webber,2025-12-22,gwebberr@fastcompany.com
29,Ronny Brannan,2025-11-14,rbrannans@wordpress.org
30,Iago Scrafton,2025-03-27,iscraftont@squarespace.com
31,Charita Henze,2026-01-15,chenzeu@seattletimes.com
32,Dianne Simonson,2026-01-16,dsimonsonv@surveymonkey.com
33,Kimmy Clayworth,2025-09-03,kclayworthw@omniture.com
34,Karisa Betke,2025-05-08,kbetkex@shinystat.com
35,Gabriello Bartens,2025-05-27,gbartensy@cbc.ca
36,Putnam Pasfield,2025-06-13,ppasfieldz@deliciousdays.com
37,Maxy Goane,2025-11-20,mgoane10@1und1.de
38,Beverie Dufaur,2025-02-17,bdufaur11@google.com.au
39,Lethia Copcott,2025-11-28,lcopcott12@wikispaces.com
40,Gareth Kemshell,2026-01-24,gkemshell13@shinystat.com
41,Maryanne Blatcher,2025-04-27,mblatcher14@ocn.ne.jp
42,Honor Stanistrete,2025-07-23,hstanistrete15@dailymotion.com
43,Delila Winsom,2025-12-19,dwinsom16@canalblog.com
44,Bayard Reyna,2025-05-26,breyna17@mozilla.org
45,Ruddy Tooher,2025-08-23,rtooher18@apple.com
46,Melantha Lavrinov,2025-03-27,mlavrinov19@ftc.gov
47,Koral Divver,2025-11-10,kdivver1a@berkeley.edu
48,Lawry Rowlinson,2025-02-09,lrowlinson1b@blogtalkradio.com
49,Boone Evangelinos,2025-10-27,bevangelinos1c@webnode.com
50,Lorant Jeckell,2025-06-12,ljeckell1d@simplemachines.org
5,Isobel Hellwig,2025-11-19,updated.user@test.com
